{
  "test/unit/unitTests.qunit.html": 1691501554000,
  "test/unit/unitTests.qunit.js": 1691501554000,
  "test/unit/controller/View1.controller.js": 1691501554000,
  "test/integration/pages/View1.js": 1691501554000,
  "test/integration/arrangements/Startup.js": 1691501554000,
  "manifest.json": 1691509724126,
  "test/unit/AllTests.js": 1691501554000,
  "test/integration/opaTests.qunit.js": 1691501554000,
  "test/integration/NavigationJourney.js": 1691501554000,
  "test/integration/AllJourneys.js": 1691501554000,
  "test/testsuite.qunit.js": 1691501554000,
  "model/models.js": 1691501554000,
  "controller/View1.controller.js": 1691501554000,
  "Component.js": 1691501554000,
  "manifest-bundle.zip": 1691509724130,
  "Component-preload.js": 1691509724154,
  "test/integration/NavigationJourney-dbg.js": 1691501554000,
  "test/integration/pages/View1-dbg.js": 1691501554000,
  "test/integration/arrangements/Startup-dbg.js": 1691501554000,
  "test/unit/unitTests.qunit-dbg.js": 1691501554000,
  "test/unit/AllTests-dbg.js": 1691501554000,
  "test/integration/opaTests.qunit-dbg.js": 1691501554000,
  "test/unit/controller/View1-dbg.controller.js": 1691501554000,
  "test/integration/AllJourneys-dbg.js": 1691501554000,
  "test/testsuite.qunit-dbg.js": 1691501554000,
  "model/models-dbg.js": 1691501554000,
  "controller/View1-dbg.controller.js": 1691501554000,
  "Component-dbg.js": 1691501554000,
  "neo-app.json": 1691509724170,
  "di.code-validation.core_issues.json": 1691509724688,
  "resources.json": 1691509724690,
  "i18n/i18n.properties": 1691501554000,
  "test/integration/opaTests.qunit.html": 1691501554000,
  "view/View1.view.xml": 1691501554000,
  "test/testsuite.qunit.html": 1691501554000,
  "css/style.css": 1691501554000,
  "index.html": 1691501554000
}